{"ChestPain": {"class_counts": [["asymptomatic", 27], ["nonanginal", 13], ["nontypical", 4], ["typical", 4]], "avg_precision": 0.2669565217391304, "avg_recall": 0.3205128205128205, "avg_f1": 0.2841880341880342, "avg_accuracy": 0.5416666666666666, "weighted_precision": 0.4992028985507246, "weighted_recall": 0.5416666666666666, "weighted_f1": 0.5097934472934473, "weighted_accuracy": 0.5416666666666666, "class_precision": [0.72, 0.34782608695652173, 0.0, 0.0], "class_recall": [0.6666666666666666, 0.6153846153846154, 0.0, 0.0], "class_f1": [0.6923076923076923, 0.4444444444444444, 0.0, 0.0], "class_accuracy": 0.5416666666666666, "num_classes": 4, "num_applicable_rows": 48, "confusion_matrix": [["asymptomatic", [["asymptomatic", 18], ["nonanginal", 9]]], ["nonanginal", [["nonanginal", 8], ["asymptomatic", 5]]], ["nontypical", [["nonanginal", 4]]], ["typical", [["nonanginal", 2], ["asymptomatic", 2]]]], "precision_recall_curves": {"asymptomatic": {"precision": [0.574468085106383, 0.5652173913043478, 0.5777777777777777, 0.5681818181818182, 0.5813953488372093, 0.5952380952380952, 0.6097560975609756, 0.6, 0.6153846153846154, 0.631578947368421, 0.6486486486486487, 0.6388888888888888, 0.6571428571428571, 0.6470588235294118, 0.6666666666666666, 0.65625, 0.6451612903225806, 0.6666666666666666, 0.6551724137931034, 0.6428571428571429, 0.6296296296296297, 0.6538461538461539, 0.68, 0.7083333333333334, 0.7391304347826086, 0.7272727272727273, 0.7142857142857143, 0.7, 0.6842105263157895, 0.7222222222222222, 0.7647058823529411, 0.8125, 0.8, 0.8571428571428571, 0.8461538461538461, 0.9166666666666666, 0.9090909090909091, 0.9, 0.8888888888888888, 0.875, 0.8571428571428571, 0.8333333333333334, 0.8, 0.75, 0.6666666666666666, 0.5, 1.0, 1.0], "recall": [1.0, 0.9629629629629629, 0.9629629629629629, 0.9259259259259259, 0.9259259259259259, 0.9259259259259259, 0.9259259259259259, 0.8888888888888888, 0.8888888888888888, 0.8888888888888888, 0.8888888888888888, 0.8518518518518519, 0.8518518518518519, 0.8148148148148148, 0.8148148148148148, 0.7777777777777778, 0.7407407407407407, 0.7407407407407407, 0.7037037037037037, 0.6666666666666666, 0.6296296296296297, 0.6296296296296297, 0.6296296296296297, 0.6296296296296297, 0.6296296296296297, 0.5925925925925926, 0.5555555555555556, 0.5185185185185185, 0.48148148148148145, 0.48148148148148145, 0.48148148148148145, 0.48148148148148145, 0.4444444444444444, 0.4444444444444444, 0.4074074074074074, 0.4074074074074074, 0.37037037037037035, 0.3333333333333333, 0.2962962962962963, 0.25925925925925924, 0.2222222222222222, 0.18518518518518517, 0.14814814814814814, 0.1111111111111111, 0.07407407407407407, 0.037037037037037035, 0.037037037037037035, 0.0], "thresholds": [0.1734999567270279, 0.17404232919216156, 0.20063486695289612, 0.2079222947359085, 0.20875893533229828, 0.20971181988716125, 0.21466857194900513, 0.22484320402145386, 0.22596251964569092, 0.2263907641172409, 0.23539309203624725, 0.23925960063934326, 0.24198704957962036, 0.2574724555015564, 0.26250407099723816, 0.2710040211677551, 0.27573350071907043, 0.2867526710033417, 0.288066029548645, 0.29391247034072876, 0.3004169762134552, 0.302540123462677, 0.3081640303134918, 0.32107603549957275, 0.34719178080558777, 0.34749752283096313, 0.39847394824028015, 0.4378577172756195, 0.4862876534461975, 0.7238279581069946, 0.7716005444526672, 0.7837389707565308, 0.795737087726593, 0.8051813244819641, 0.8132289052009583, 0.8170998692512512, 0.8280949592590332, 0.8303938508033752, 0.8392328023910522, 0.84833163022995, 0.8485915064811707, 0.8500812649726868, 0.8537158966064453, 0.8569024801254272, 0.8834079504013062, 0.8921504616737366, 0.9055309891700745]}, "nonanginal": {"precision": [0.3611111111111111, 0.34285714285714286, 0.35294117647058826, 0.3333333333333333, 0.3125, 0.3225806451612903, 0.3333333333333333, 0.3448275862068966, 0.32142857142857145, 0.3333333333333333, 0.34615384615384615, 0.36, 0.375, 0.391304347826087, 0.36363636363636365, 0.3333333333333333, 0.3, 0.3157894736842105, 0.3333333333333333, 0.35294117647058826, 0.375, 0.4, 0.35714285714285715, 0.3076923076923077, 0.3333333333333333, 0.36363636363636365, 0.4, 0.4444444444444444, 0.5, 0.42857142857142855, 0.5, 0.6, 0.75, 1.0, 1.0, 1.0, 1.0], "recall": [1.0, 0.9230769230769231, 0.9230769230769231, 0.8461538461538461, 0.7692307692307693, 0.7692307692307693, 0.7692307692307693, 0.7692307692307693, 0.6923076923076923, 0.6923076923076923, 0.6923076923076923, 0.6923076923076923, 0.6923076923076923, 0.6923076923076923, 0.6153846153846154, 0.5384615384615384, 0.46153846153846156, 0.46153846153846156, 0.46153846153846156, 0.46153846153846156, 0.46153846153846156, 0.46153846153846156, 0.38461538461538464, 0.3076923076923077, 0.3076923076923077, 0.3076923076923077, 0.3076923076923077, 0.3076923076923077, 0.3076923076923077, 0.23076923076923078, 0.23076923076923078, 0.23076923076923078, 0.23076923076923078, 0.23076923076923078, 0.15384615384615385, 0.07692307692307693, 0.0], "thresholds": [0.07818996161222458, 0.08121992647647858, 0.09831657260656357, 0.1014350950717926, 0.10220742970705032, 0.11563556641340256, 0.20354266464710236, 0.229826882481575, 0.23516736924648285, 0.2750975489616394, 0.2765805423259735, 0.2805286943912506, 0.2863377630710602, 0.3124625086784363, 0.3253323435783386, 0.33401286602020264, 0.33730384707450867, 0.3435113728046417, 0.3541449308395386, 0.3590296506881714, 0.36144596338272095, 0.3840017020702362, 0.3850286900997162, 0.38952967524528503, 0.405571848154068, 0.4119543731212616, 0.419625848531723, 0.4251215159893036, 0.42560452222824097, 0.435571551322937, 0.44360464811325073, 0.4437730014324188, 0.4463430941104889, 0.4479750990867615, 0.4566563367843628, 0.7073444724082947]}, "nontypical": {"precision": [0.21052631578947367, 0.16666666666666666, 0.17647058823529413, 0.125, 0.13333333333333333, 0.14285714285714285, 0.15384615384615385, 0.16666666666666666, 0.18181818181818182, 0.2, 0.1111111111111111, 0.125, 0.0, 0.0, 0.0, 0.0, 0.0, 0.0, 0.0, 1.0], "recall": [1.0, 0.75, 0.75, 0.5, 0.5, 0.5, 0.5, 0.5, 0.5, 0.5, 0.25, 0.25, 0.0, 0.0, 0.0, 0.0, 0.0, 0.0, 0.0, 0.0], "thresholds": [0.24772217869758606, 0.25149843096733093, 0.26092472672462463, 0.26460540294647217, 0.26625657081604004, 0.26958203315734863, 0.26983216404914856, 0.27169299125671387, 0.27251312136650085, 0.27784955501556396, 0.2815963923931122, 0.2836744487285614, 0.2852575182914734, 0.2922978699207306, 0.29323726892471313, 0.2951499819755554, 0.3066321909427643, 0.31323596835136414, 0.3406982123851776]}, "typical": {"precision": [0.09523809523809523, 0.07317073170731707, 0.075, 0.07692307692307693, 0.07894736842105263, 0.08108108108108109, 0.08333333333333333, 0.05714285714285714, 0.058823529411764705, 0.06060606060606061, 0.0625, 0.06451612903225806, 0.06666666666666667, 0.06896551724137931, 0.07142857142857142, 0.07407407407407407, 0.07692307692307693, 0.04, 0.041666666666666664, 0.043478260869565216, 0.045454545454545456, 0.047619047619047616, 0.05, 0.05263157894736842, 0.05555555555555555, 0.058823529411764705, 0.0625, 0.06666666666666667, 0.07142857142857142, 0.07692307692307693, 0.08333333333333333, 0.09090909090909091, 0.1, 0.1111111111111111, 0.125, 0.14285714285714285, 0.16666666666666666, 0.2, 0.25, 0.3333333333333333, 0.5, 0.0, 1.0], "recall": [1.0, 0.75, 0.75, 0.75, 0.75, 0.75, 0.75, 0.5, 0.5, 0.5, 0.5, 0.5, 0.5, 0.5, 0.5, 0.5, 0.5, 0.25, 0.25, 0.25, 0.25, 0.25, 0.25, 0.25, 0.25, 0.25, 0.25, 0.25, 0.25, 0.25, 0.25, 0.25, 0.25, 0.25, 0.25, 0.25, 0.25, 0.25, 0.25, 0.25, 0.25, 0.0, 0.0],