{"ChestPain": {"class_counts": [["asymptomatic", 11], ["nonanginal", 8], ["nontypical", 3], ["typical", 2]], "avg_precision": 0.11458333333333333, "avg_recall": 0.25, "avg_f1": 0.15714285714285714, "avg_accuracy": 0.4583333333333333, "weighted_precision": 0.21006944444444442, "weighted_recall": 0.4583333333333333, "weighted_f1": 0.2880952380952381, "weighted_accuracy": 0.4583333333333333, "class_precision": [0.4583333333333333, 0.0, 0.0, 0.0], "class_recall": [1.0, 0.0, 0.0, 0.0], "class_f1": [0.6285714285714286, 0.0, 0.0, 0.0], "class_accuracy": 0.4583333333333333, "num_classes": 4, "num_applicable_rows": 24, "confusion_matrix": [["asymptomatic", [["asymptomatic", 11]]], ["nonanginal", [["asymptomatic", 8]]], ["nontypical", [["asymptomatic", 3]]], ["typical", [["asymptomatic", 2]]]], "precision_recall_curves": {"asymptomatic": {"precision": [0.5, 0.47619047619047616, 0.5, 0.5263157894736842, 0.5, 0.5294117647058824, 0.5, 0.5333333333333333, 0.5, 0.46153846153846156, 0.5, 0.45454545454545453, 0.4, 0.3333333333333333, 0.25, 0.2857142857142857, 0.3333333333333333, 0.4, 0.25, 0.3333333333333333, 0.5, 0.0, 1.0], "recall": [1.0, 0.9090909090909091, 0.9090909090909091, 0.9090909090909091, 0.8181818181818182, 0.8181818181818182, 0.7272727272727273, 0.7272727272727273, 0.6363636363636364, 0.5454545454545454, 0.5454545454545454, 0.45454545454545453, 0.36363636363636365, 0.2727272727272727, 0.18181818181818182, 0.18181818181818182, 0.18181818181818182, 0.18181818181818182, 0.09090909090909091, 0.09090909090909091, 0.09090909090909091, 0.0, 0.0], "thresholds": [0.5279302000999451, 0.5402252078056335, 0.5628319382667542, 0.5718980431556702, 0.5799153447151184, 0.5909633040428162, 0.5988316535949707, 0.6028394103050232, 0.6050042510032654, 0.6055051684379578, 0.617024302482605, 0.6204233765602112, 0.6221297979354858, 0.6240972876548767, 0.6553388833999634, 0.6636258959770203, 0.6656134128570557, 0.6721588969230652, 0.6895076036453247, 0.7018219828605652, 0.723279595375061, 0.7258928418159485]}, "nonanginal": {"precision": [0.34782608695652173, 0.3181818181818182, 0.3333333333333333, 0.3, 0.3157894736842105, 0.2777777777777778, 0.23529411764705882, 0.25, 0.26666666666666666, 0.2857142857142857, 0.3076923076923077, 0.3333333333333333, 0.36363636363636365, 0.4, 0.4444444444444444, 0.5, 0.42857142857142855, 0.5, 0.4, 0.5, 0.3333333333333333, 0.5, 0.0, 1.0], "recall": [1.0, 0.875, 0.875, 0.75, 0.75, 0.625, 0.5, 0.5, 0.5, 0.5, 0.5, 0.5, 0.5, 0.5, 0.5, 0.5, 0.375, 0.375, 0.25, 0.25, 0.125, 0.125, 0.0, 0.0], "thresholds": [0.08550860732793808, 0.09289449453353882, 0.09657283872365952, 0.09693042933940887, 0.10040133446455002, 0.1013045534491539, 0.10135220736265182, 0.10534849762916565, 0.10597212612628937, 0.10886804759502411, 0.11249908059835434, 0.11422006040811539, 0.11734341084957123, 0.12149796634912491, 0.12155715376138687, 0.1257885843515396, 0.12682922184467316, 0.128290593624115, 0.13023552298545837, 0.13693995773792267, 0.13759279251098633, 0.14638225734233856, 0.1491916924715042]}, "nontypical": {"precision": [0.15, 0.10526315789473684, 0.1111111111111111, 0.11764705882352941, 0.125, 0.13333333333333333, 0.14285714285714285, 0.15384615384615385, 0.16666666666666666, 0.18181818181818182, 0.2, 0.2222222222222222, 0.25, 0.2857142857142857, 0.3333333333333333, 0.4, 0.25, 0.3333333333333333, 0.5, 1.0, 1.0], "recall": [1.0, 0.6666666666666666, 0.6666666666666666, 0.6666666666666666, 0.6666666666666666, 0.6666666666666666, 0.6666666666666666, 0.6666666666666666, 0.6666666666666666, 0.6666666666666666, 0.6666666666666666, 0.6666666666666666, 0.6666666666666666, 0.6666666666666666, 0.6666666666666666, 0.6666666666666666, 0.3333333333333333, 0.3333333333333333, 0.3333333333333333, 0.3333333333333333, 0.0], "thresholds": [0.0890071764588356, 0.09008678793907166, 0.09044242650270462, 0.09305624663829803, 0.09622467309236526, 0.10027902573347092, 0.10431582480669022, 0.10481332987546921, 0.10627155750989914, 0.11048455536365509, 0.11350634694099426, 0.11799970269203186, 0.12039544433355331, 0.12587995827198029, 0.13088355958461761, 0.13164393603801727, 0.13445322215557098, 0.1357642561197281, 0.14318472146987915, 0.15235181152820587]}, "typical": {"precision": [0.1111111111111111, 0.058823529411764705, 0.0625, 0.06666666666666667, 0.07142857142857142, 0.07692307692307693, 0.08333333333333333, 0.09090909090909091, 0.1, 0.1111111111111111, 0.125, 0.14285714285714285, 0.16666666666666666, 0.2, 0.25, 0.3333333333333333, 0.5, 0.0, 1.0], "recall": [1.0, 0.5, 0.5, 0.5, 0.5, 0.5, 0.5, 0.5, 0.5, 0.5, 0.5, 0.5, 0.5, 0.5, 0.5, 0.5, 0.5, 0.0, 0.0], "thresholds": [0.08433769643306732, 0.08887951076030731, 0.09207531064748764, 0.09243761748075485, 0.09311370551586151, 0.09422987699508667, 0.09797975420951843, 0.09925217181444168, 0.09998521953821182, 0.10246553272008896, 0.1051025241613388, 0.10636445134878159, 0.1141984611749649, 0.11457289010286331, 0.11472173780202866, 0.11576909571886063, 0.11632056534290314, 0.11673004180192947]}}}}